{
	"transactions": [
		{
			"account": "85225264",
			"accountName": "Savings Account",
			"mask": "0124",
			"amount": 588.59,
			"transactionType": "deposit",
			"currencyCode": "PAB USD",
			"currencyName": "Liberian Dollar",
			"currencySymbol": "Ð»Ð²",
			"iban": "NO2607790970023",
			"bic": "YWGIGPX1"
		},
		{
			"account": "67442173",
			"accountName": "Checking Account",
			"mask": "9572",
			"amount": 890.66,
			"transactionType": "withdrawal",
			"currencyCode": "DKK",
			"currencyName": "Codes specifically reserved for testing purposes",
			"currencySymbol": "â‚«",
			"iban": "PS828FY1714093005050080097054",
			"bic": "JFEOIEQ1"
		},
		{
			"account": "19107552",
			"accountName": "Savings Account",
			"mask": "3403",
			"amount": 942.60,
			"transactionType": "invoice",
			"currencyCode": "XPD",
			"currencyName": "Rand Loti",
			"currencySymbol": "â‚±",
			"iban": "KZ805710932986225527",
			"bic": "AVKATTV1399"
		},
		{
			"account": "57800595",
			"accountName": "Auto Loan Account",
			"mask": "4276",
			"amount": 78.59,
			"transactionType": "withdrawal",
			"currencyCode": "KHR",
			"currencyName": "Taka",
			"currencySymbol": "NT$",
			"iban": "FR67008452040281H9392934B79",
			"bic": "AOHESNP1KEA"
		},
		{
			"account": "96993127",
			"accountName": "Credit Card Account",
			"mask": "7551",
			"amount": 7.49,
			"transactionType": "deposit",
			"currencyCode": "TWD",
			"currencyName": "Cuban Peso Peso Convertible",
			"currencySymbol": "$",
			"iban": "TL808350060100173807367",
			"bic": "CRPEMQY1"
		},
		{
			"account": "39290603",
			"accountName": "Investment Account",
			"mask": "0644",
			"amount": 522.44,
			"transactionType": "payment",
			"currencyCode": "CUP CUC",
			"currencyName": "Somoni",
			"currencySymbol": "Lek",
			"iban": "SI48103620601005897",
			"bic": "GJOIAIN1"
		},
		{
			"account": "37269965",
			"accountName": "Checking Account",
			"mask": "4193",
			"amount": 186.78,
			"transactionType": "withdrawal",
			"currencyCode": "XBC",
			"currencyName": "New Zealand Dollar",
			"currencySymbol": "KM",
			"iban": "TR35435962U6030116C2W15463",
			"bic": "DVVEQAL1609"
		},
		{
			"account": "44512922",
			"accountName": "Savings Account",
			"mask": "4159",
			"amount": 803.22,
			"transactionType": "withdrawal",
			"currencyCode": "JOD",
			"currencyName": "Liberian Dollar",
			"currencySymbol": "kr",
			"iban": "BG08FHCC36029834857329",
			"bic": "IMYIIDA1833"
		},
		{
			"account": "68388705",
			"accountName": "Checking Account",
			"mask": "3283",
			"amount": 594.28,
			"transactionType": "invoice",
			"currencyCode": "MDL",
			"currencyName": "Indian Rupee",
			"currencySymbol": "$b",
			"iban": "AL753500538551636XQ19359247Q",
			"bic": "ZJCETFE1734"
		},
		{
			"account": "97159413",
			"accountName": "Investment Account",
			"mask": "5079",
			"amount": 883.79,
			"transactionType": "invoice",
			"currencyCode": "BAM",
			"currencyName": "Lebanese Pound",
			"currencySymbol": "Ð»Ð²",
			"iban": "KZ8191098739404598A7",
			"bic": "RMMOCPT1297"
		},
		{
			"account": "13444386",
			"accountName": "Savings Account",
			"mask": "6689",
			"amount": 135.50,
			"transactionType": "withdrawal",
			"currencyCode": "SOS",
			"currencyName": "Manat",
			"currencySymbol": "â‚´",
			"iban": "LU720068011YB445Z66C",
			"bic": "XNKUAIH1RIP"
		},
		{
			"account": "89173009",
			"accountName": "Personal Loan Account",
			"mask": "5431",
			"amount": 644.87,
			"transactionType": "withdrawal",
			"currencyCode": "MXN MXV",
			"currencyName": "Gourde US Dollar",
			"currencySymbol": "ï·¼",
			"iban": "GT030L0MJ21946256W4836F79R5H",
			"bic": "PNWUCZE1121"
		},
		{
			"account": "28063771",
			"accountName": "Personal Loan Account",
			"mask": "7429",
			"amount": 591.99,
			"transactionType": "payment",
			"currencyCode": "ZWL",
			"currencyName": "Pa'anga",
			"currencySymbol": "$",
			"iban": "ES3605009003110938730757",
			"bic": "KMZEBIX1"
		},
		{
			"account": "48848078",
			"accountName": "Personal Loan Account",
			"mask": "6484",
			"amount": 385.18,
			"transactionType": "payment",
			"currencyCode": "MXN MXV",
			"currencyName": "Dobra",
			"currencySymbol": "NT$",
			"iban": "PT86107008552660344704008",
			"bic": "OQEEFKO1"
		},
		{
			"account": "37681901",
			"accountName": "Credit Card Account",
			"mask": "7968",
			"amount": 840.18,
			"transactionType": "withdrawal",
			"currencyCode": "MZN",
			"currencyName": "Platinum",
			"currencySymbol": "Â£",
			"iban": "FI8450721508005978",
			"bic": "OVGISYU1"
		},
		{
			"account": "29769103",
			"accountName": "Money Market Account",
			"mask": "3964",
			"amount": 335.15,
			"transactionType": "deposit",
			"currencyCode": "LVL",
			"currencyName": "Moldovan Leu",
			"currencySymbol": "ï·¼",
			"iban": "TL650596902001438300437",
			"bic": "FUJOBGW1"
		},
		{
			"account": "82726726",
			"accountName": "Auto Loan Account",
			"mask": "6513",
			"amount": 465.04,
			"transactionType": "deposit",
			"currencyCode": "MXN MXV",
			"currencyName": "Colombian Peso Unidad de Valor Real",
			"currencySymbol": "$",
			"iban": "CY84001009970291361094986407",
			"bic": "AESIGDU1774"
		},
		{
			"account": "42837726",
			"accountName": "Investment Account",
			"mask": "4236",
			"amount": 167.53,
			"transactionType": "withdrawal",
			"currencyCode": "LVL",
			"currencyName": "Brunei Dollar",
			"currencySymbol": "Lek",
			"iban": "AE160044609103904171075",
			"bic": "DUEOBRF1101"
		},
		{
			"account": "39281904",
			"accountName": "Home Loan Account",
			"mask": "2731",
			"amount": 62.78,
			"transactionType": "invoice",
			"currencyCode": "ETB",
			"currencyName": "Lilangeni",
			"currencySymbol": "Â£",
			"iban": "DO92DYQM46518400605260811037",
			"bic": "LRQOGFC1ZOO"
		},
		{
			"account": "58933965",
			"accountName": "Credit Card Account",
			"mask": "7947",
			"amount": 134.02,
			"transactionType": "withdrawal",
			"currencyCode": "XAU",
			"currencyName": "Swiss Franc",
			"currencySymbol": "BZ$",
			"iban": "GT7853YL1000J6150340114HC792",
			"bic": "QJTULTN1"
		},
		{
			"account": "16147486",
			"accountName": "Investment Account",
			"mask": "4929",
			"amount": 921.02,
			"transactionType": "invoice",
			"currencyCode": "KES",
			"currencyName": "Russian Ruble",
			"currencySymbol": "Ð¼Ð°Ð½",
			"iban": "SE7302410200530090920542",
			"bic": "YFIUBTE1"
		},
		{
			"account": "12056356",
			"accountName": "Checking Account",
			"mask": "5174",
			"amount": 139.74,
			"transactionType": "deposit",
			"currencyCode": "GNF",
			"currencyName": "Pa'anga",
			"currencySymbol": "â‚®",
			"iban": "PK12YU007605003005090056",
			"bic": "GWFUCAU1154"
		},
		{
			"account": "96709732",
			"accountName": "Personal Loan Account",
			"mask": "2155",
			"amount": 690.53,
			"transactionType": "payment",
			"currencyCode": "CNY",
			"currencyName": "Convertible Marks",
			"currencySymbol": "Â¥",
			"iban": "LI7893013K6OT8K196183",
			"bic": "SWAEATG1758"
		},
		{
			"account": "04690914",
			"accountName": "Investment Account",
			"mask": "1383",
			"amount": 663.10,
			"transactionType": "invoice",
			"currencyCode": "ISK",
			"currencyName": "Netherlands Antillian Guilder",
			"currencySymbol": "$",
			"iban": "SK3700452010040080557875",
			"bic": "FPZUBRN1691"
		},
		{
			"account": "48889801",
			"accountName": "Investment Account",
			"mask": "9805",
			"amount": 607.15,
			"transactionType": "invoice",
			"currencyCode": "ALL",
			"currencyName": "Tunisian Dinar",
			"currencySymbol": "$",
			"iban": "BH36QAKY343764L261EH9H",
			"bic": "OTNIWFL1625"
		},
		{
			"account": "00069642",
			"accountName": "Money Market Account",
			"mask": "4004",
			"amount": 601.88,
			"transactionType": "payment",
			"currencyCode": "BGN",
			"currencyName": "Euro",
			"currencySymbol": "$",
			"iban": "MK30877OC863P67G843",
			"bic": "UXXUWFS1"
		},
		{
			"account": "15337090",
			"accountName": "Checking Account",
			"mask": "1479",
			"amount": 38.75,
			"transactionType": "invoice",
			"currencyCode": "XDR",
			"currencyName": "Tanzanian Shilling",
			"currencySymbol": "â‚¬",
			"iban": "DE05790717139001870640",
			"bic": "DENIPEV1"
		},
		{
			"account": "31769612",
			"accountName": "Home Loan Account",
			"mask": "3077",
			"amount": 644.04,
			"transactionType": "deposit",
			"currencyCode": "KGS",
			"currencyName": "Vatu",
			"currencySymbol": "â‚¨",
			"iban": "SA6752S68941S44326357R33",
			"bic": "LLOIMAJ1262"
		},
		{
			"account": "70783648",
			"accountName": "Auto Loan Account",
			"mask": "5848",
			"amount": 416.80,
			"transactionType": "payment",
			"currencyCode": "XOF",
			"currencyName": "Tunisian Dinar",
			"currencySymbol": "ï·¼",
			"iban": "XK817004900313470548",
			"bic": "YUJOPGJ1928"
		},
		{
			"account": "40979784",
			"accountName": "Money Market Account",
			"mask": "6210",
			"amount": 392.47,
			"transactionType": "deposit",
			"currencyCode": "GTQ",
			"currencyName": "Kyat",
			"currencySymbol": "BZ$",
			"iban": "TR9710984285547PT3368486Y5",
			"bic": "BMAUBGF1"
		},
		{
			"account": "01173790",
			"accountName": "Auto Loan Account",
			"mask": "6221",
			"amount": 738.80,
			"transactionType": "invoice",
			"currencyCode": "USD",
			"currencyName": "Cuban Peso Peso Convertible",
			"currencySymbol": "$",
			"iban": "KW36LDSX59977735P4K4071745056G",
			"bic": "JCSEDKT1565"
		},
		{
			"account": "08217716",
			"accountName": "Money Market Account",
			"mask": "9897",
			"amount": 813.08,
			"transactionType": "invoice",
			"currencyCode": "INR BTN",
			"currencyName": "Quetzal",
			"currencySymbol": "$",
			"iban": "FR33668013024852L2378435336",
			"bic": "KNZEMZR1989"
		},
		{
			"account": "70780593",
			"accountName": "Auto Loan Account",
			"mask": "4794",
			"amount": 110.30,
			"transactionType": "payment",
			"currencyCode": "ERN",
			"currencyName": "Iraqi Dinar",
			"currencySymbol": "CHF",
			"iban": "FI7965000140396922",
			"bic": "EMDOMHN1990"
		},
		{
			"account": "61149645",
			"accountName": "Personal Loan Account",
			"mask": "7961",
			"amount": 72.58,
			"transactionType": "withdrawal",
			"currencyCode": "LBP",
			"currencyName": "Cuban Peso Peso Convertible",
			"currencySymbol": "$",
			"iban": "FR470032673003Q035159758742",
			"bic": "EINOFMR1UEO"
		},
		{
			"account": "80517694",
			"accountName": "Checking Account",
			"mask": "4663",
			"amount": 104.59,
			"transactionType": "deposit",
			"currencyCode": "TOP",
			"currencyName": "Sri Lanka Rupee",
			"currencySymbol": "â‚¨",
			"iban": "MT67YTEN20582S882V2G2065S2389EZ",
			"bic": "TSBEGBL1QUZ"
		},
		{
			"account": "80574598",
			"accountName": "Personal Loan Account",
			"mask": "8313",
			"amount": 411.50,
			"transactionType": "withdrawal",
			"currencyCode": "MZN",
			"currencyName": "Chilean Peso Unidades de fomento",
			"currencySymbol": "$",
			"iban": "GR5527074595504787499422683",
			"bic": "ZHKIGGY1"
		},
		{
			"account": "94160859",
			"accountName": "Checking Account",
			"mask": "4624",
			"amount": 319.47,
			"transactionType": "payment",
			"currencyCode": "VEF",
			"currencyName": "Mauritius Rupee",
			"currencySymbol": "Æ’",
			"iban": "BE25418022053713",
			"bic": "LLRIGTK1"
		},
		{
			"account": "74569975",
			"accountName": "Savings Account",
			"mask": "9858",
			"amount": 690.12,
			"transactionType": "deposit",
			"currencyCode": "GTQ",
			"currencyName": "Swedish Krona",
			"currencySymbol": "â‚«",
			"iban": "FO0592574008089725",
			"bic": "TJRUNIS1954"
		},
		{
			"account": "91250781",
			"accountName": "Checking Account",
			"mask": "0033",
			"amount": 268.88,
			"transactionType": "withdrawal",
			"currencyCode": "FKP",
			"currencyName": "Tenge",
			"currencySymbol": "zÅ‚",
			"iban": "SK7670044008284006075389",
			"bic": "RJFUSKK1"
		},
		{
			"account": "38764203",
			"accountName": "Checking Account",
			"mask": "3449",
			"amount": 713.22,
			"transactionType": "withdrawal",
			"currencyCode": "TMT",
			"currencyName": "Tugrik",
			"currencySymbol": "â‚¨",
			"iban": "FO0600757840040013",
			"bic": "BKAIETN1"
		},
		{
			"account": "47596459",
			"accountName": "Checking Account",
			"mask": "4036",
			"amount": 54.60,
			"transactionType": "withdrawal",
			"currencyCode": "LRD",
			"currencyName": "Tunisian Dinar",
			"currencySymbol": "Ð»Ð²",
			"iban": "IL145610074008032012067",
			"bic": "JYDELTM1231"
		},
		{
			"account": "05611501",
			"accountName": "Money Market Account",
			"mask": "2494",
			"amount": 124.36,
			"transactionType": "deposit",
			"currencyCode": "SHP",
			"currencyName": "New Taiwan Dollar",
			"currencySymbol": "Â£",
			"iban": "DK5256275000710082",
			"bic": "KZSAFRP1"
		},
		{
			"account": "36559013",
			"accountName": "Savings Account",
			"mask": "5505",
			"amount": 512.14,
			"transactionType": "deposit",
			"currencyCode": "BOB BOV",
			"currencyName": "Zloty",
			"currencySymbol": "$",
			"iban": "HR7590078011769005721",
			"bic": "USDASLR1775"
		},
		{
			"account": "04710195",
			"accountName": "Auto Loan Account",
			"mask": "8475",
			"amount": 318.54,
			"transactionType": "withdrawal",
			"currencyCode": "GHS",
			"currencyName": "Naira",
			"currencySymbol": "$",
			"iban": "BH69QNEZ4W78J563665238",
			"bic": "CYWUALP1646"
		},
		{
			"account": "33914531",
			"accountName": "Personal Loan Account",
			"mask": "9273",
			"amount": 338.12,
			"transactionType": "invoice",
			"currencyCode": "XCD",
			"currencyName": "Latvian Lats",
			"currencySymbol": "Lek",
			"iban": "GI54DCRO9559R2651567650",
			"bic": "MYGALUX1"
		},
		{
			"account": "60127218",
			"accountName": "Credit Card Account",
			"mask": "6798",
			"amount": 361.15,
			"transactionType": "invoice",
			"currencyCode": "JMD",
			"currencyName": "Euro",
			"currencySymbol": "â‚¡",
			"iban": "RS27197003783280110014",
			"bic": "WQNICWJ1"
		}
	]
}
